{"cameraMode":{"drawMode":0,"name":"Shaded","section":"Shading Mode"},"sceneLighting":true,"audioPlay":false,"sceneViewState":{"showFog":true,"showMaterialUpdate":false,"showSkybox":true,"showFlares":true,"showImageEffects":true,"showParticleSystems":true},"in2DMode":false,"pivot":{"x":-4.648708820343018,"y":-3.0983288288116457,"z":6.142529487609863},"rotation":{"x":0.23340700566768647,"y":-0.042597729712724689,"z":0.010246477089822293,"w":0.9713970422744751},"size":10.0,"orthographic":false}